team_code,team_name,elo_rating
FRA,France,2125.386686310711
ESP,Spain,2232.8584376270423
ENG,England,2201.3608811411696
COL,Colombia,2081.415338644821
ARG,Argentina,2231.1222887904173
POR,Portugal,1993.0128215408613
BRA,Brazil,2025.6257333170668
NED,Netherlands,2076.082040577361
GER,Germany,2020.3892863812064
CRO,Croatia,1905.125864414841
BEL,Belgium,1986.3061675281915
USA,United States,1857.457714531241
MAR,Morocco,2014.730271285564
MEX,Mexico,1972.4688087178924
URU,Uruguay,1868.03034372362
NOR,Norway,1968.6715766003529
ECU,Ecuador,1798.2155120171594
JPN,Japan,1970.6158003051023
SUI,Switzerland,1969.7509279994244
KOR,South Korea,1801.266259043101
TUR,Türkiye,1786.7696866830802
CAN,Canada,1801.164306178072
SEN,Senegal,1792.2642773733703
AUT,Austria,1839.2970670640973
SWE,Sweden,1830.6830876740407
PAR,Paraguay,1826.1988431272127
SCO,Scotland,1756.086689092505
GHA,Ghana,1789.5504925986595
CZE,Czech Republic,1695.103983261538
IRN,Iran,1812.180568975844
KSA,Saudi Arabia,1726.083632856287
BIH,Bosnia and Herzegovina,1664.134361209451
ALG,Algeria,1756.3569888241198
EGY,Egypt,1848.615446234964
CIV,Ivory Coast,1842.1538240749128
AUS,Australia,1816.8706528893224
JOR,Jordan,1552.3663387491026
TUN,Tunisia,1565.4688784730645
COD,DR Congo,1730.7263723917815
UZB,Uzbekistan,1601.4359893751005
QAT,Qatar,1605.8281734186862
IRQ,Iraq,1554.0538364762017
NZL,New Zealand,1582.4125915801826
CPV,Cape Verde,1749.1784636883854
RSA,South Africa,1704.1062292930535
PAN,Panama,1618.4799467361051
CUW,Curaçao,1568.949677804161
HAI,Haiti,1453.5868333995495
